source_file,requested_model_name,actual_model_name,dataset_name,strategy,n,num_correct,accuracy,ci_low,ci_high,mean_latency_sec,peak_vram_gb,mean_output_tokens,mean_tokens_per_sec
journal_full500_v1__gemma_4_26b_a4b__arc_challenge__cot__n500.csv,gemma_4_26b_a4b,gemma_4_26b_a4b,arc_challenge,cot,500,429,0.858,0.8246703326752246,0.885870639554304,2.5102835697084664,48.06737232208252,55.678,18.22137020163713
journal_full500_v1__gemma_4_e2b__arc_challenge__cot__n500.csv,gemma_4_e2b,gemma_4_e2b,arc_challenge,cot,500,383,0.766,0.7269485494684876,0.8009953014059666,0.46577917459607127,9.543148517608644,14.578,31.108914609062545
journal_full500_v1__gemma_4_e4b__arc_challenge__cot__n500.csv,gemma_4_e4b,gemma_4_e4b,arc_challenge,cot,500,439,0.878,0.8463952769261602,0.9038407216849063,0.6479623616039752,14.89453125,17.168,26.006656226318285
journal_full500_v1__phi_4_mini_reasoning__arc_challenge__cot__n500.csv,phi_4_mini_reasoning,phi_4_mini_reasoning,arc_challenge,cot,500,124,0.248,0.2121642083459476,0.2876784592466748,4.051492192514241,7.145148277282715,256.0,63.18921147553883
journal_full500_v1__phi_4_reasoning__arc_challenge__cot__n500.csv,phi_4_reasoning,phi_4_reasoning,arc_challenge,cot,500,134,0.268,0.23105397343634804,0.30848372053781226,4.858918312951922,27.305460929870605,255.486,52.582009324107304
journal_full500_v1__qwen3_30b_a3b__arc_challenge__cot__n500.csv,qwen3_30b_a3b,qwen3_30b_a3b,arc_challenge,cot,500,186,0.372,0.3307607484885237,0.4151910826696337,9.538680235765874,57.67424392700195,249.546,26.16002717137435
journal_full500_v1__qwen3_8b__arc_challenge__cot__n500.csv,qwen3_8b,qwen3_8b,arc_challenge,cot,500,156,0.312,0.27295294872528497,0.3539138032882587,5.159804010681808,15.256451606750488,252.766,48.98998126227013
journal_full500_v1__gemma_4_26b_a4b__arc_challenge__few_shot_cot__n500.csv,gemma_4_26b_a4b,gemma_4_26b_a4b,arc_challenge,few_shot_cot,500,456,0.912,0.8839235279346099,0.9337940155250711,2.5720862739831207,48.06737232208252,55.7,18.055096646086376
journal_full500_v1__gemma_4_e2b__arc_challenge__few_shot_cot__n500.csv,gemma_4_e2b,gemma_4_e2b,arc_challenge,few_shot_cot,500,365,0.73,0.6894413425907917,0.7670514607968943,4.1917600346654655,9.543148517608644,136.184,32.284109639281176
journal_full500_v1__gemma_4_e4b__arc_challenge__few_shot_cot__n500.csv,gemma_4_e4b,gemma_4_e4b,arc_challenge,few_shot_cot,500,442,0.884,0.8529581630365658,0.9091863434889621,0.7113674516603351,14.89453125,18.526,25.595312155538227
journal_full500_v1__phi_4_mini_reasoning__arc_challenge__few_shot_cot__n500.csv,phi_4_mini_reasoning,phi_4_mini_reasoning,arc_challenge,few_shot_cot,500,135,0.27,0.2329485392031058,0.3105586574092084,4.0633538495898245,7.145148277282715,255.83,62.96287593887285
journal_full500_v1__phi_4_reasoning__arc_challenge__few_shot_cot__n500.csv,phi_4_reasoning,phi_4_reasoning,arc_challenge,few_shot_cot,500,123,0.246,0.2102809916856707,0.2855921732687978,4.78469943357259,27.305460929870605,256.0,53.505540233922645
journal_full500_v1__qwen3_30b_a3b__arc_challenge__few_shot_cot__n500.csv,qwen3_30b_a3b,qwen3_30b_a3b,arc_challenge,few_shot_cot,500,225,0.45,0.40693965178133173,0.49382278226482357,9.227085568375886,57.67131423950195,241.878,26.206679720514096
journal_full500_v1__qwen3_8b__arc_challenge__few_shot_cot__n500.csv,qwen3_8b,qwen3_8b,arc_challenge,few_shot_cot,500,254,0.508,0.46428581664185803,0.5515921939107572,4.877230359300971,15.256451606750488,239.814,49.17404840677448
journal_full500_v1__gemma_4_26b_a4b__arc_challenge__zero_shot__n500.csv,gemma_4_26b_a4b,gemma_4_26b_a4b,arc_challenge,zero_shot,500,461,0.922,0.8951464501266115,0.9424186065238385,3.4455914530456067,48.06737232208252,75.108,19.353971149528924
journal_full500_v1__gemma_4_e2b__arc_challenge__zero_shot__n500.csv,gemma_4_e2b,gemma_4_e2b,arc_challenge,zero_shot,500,381,0.762,0.7227638647789387,0.797240980819208,1.6288154534325003,9.543148517608644,53.066,32.29126266601688
journal_full500_v1__gemma_4_e4b__arc_challenge__zero_shot__n500.csv,gemma_4_e4b,gemma_4_e4b,arc_challenge,zero_shot,500,453,0.906,0.8772354441374409,0.9285735914077787,0.18927102152258157,14.89453125,4.86,25.623504708055275
journal_full500_v1__phi_4_mini_reasoning__arc_challenge__zero_shot__n500.csv,phi_4_mini_reasoning,phi_4_mini_reasoning,arc_challenge,zero_shot,500,124,0.248,0.2121642083459476,0.2876784592466748,4.059198320642114,7.145148277282715,256.0,63.06863056180643
journal_full500_v1__phi_4_reasoning__arc_challenge__zero_shot__n500.csv,phi_4_reasoning,phi_4_reasoning,arc_challenge,zero_shot,500,137,0.274,0.2367406256658206,0.3147055762228011,4.832939256250858,27.305460929870605,253.036,52.35680742867914
journal_full500_v1__qwen3_30b_a3b__arc_challenge__zero_shot__n500.csv,qwen3_30b_a3b,qwen3_30b_a3b,arc_challenge,zero_shot,500,192,0.384,0.34240767461779237,0.4273611723692879,9.434089178703726,57.67326736450195,249.122,26.40410933253642
journal_full500_v1__qwen3_8b__arc_challenge__zero_shot__n500.csv,qwen3_8b,qwen3_8b,arc_challenge,zero_shot,500,202,0.404,0.36187922469306827,0.44758464867554987,4.72324775376916,15.256451606750488,236.394,49.93262933566955
journal_full500_v1__gemma_4_26b_a4b__gsm8k__cot__n500.csv,gemma_4_26b_a4b,gemma_4_26b_a4b,gsm8k,cot,500,377,0.754,0.7144078267312022,0.7897190083143293,11.468622592583298,48.06737232208252,256.962,22.330322378072236
journal_full500_v1__gemma_4_e2b__gsm8k__cot__n500.csv,gemma_4_e2b,gemma_4_e2b,gsm8k,cot,500,328,0.656,0.6133141713377336,0.6963070344382621,5.104600282229483,9.543148517608644,168.078,32.955101349442906
journal_full500_v1__gemma_4_e4b__gsm8k__cot__n500.csv,gemma_4_e4b,gemma_4_e4b,gsm8k,cot,500,392,0.784,0.7458371194720326,0.8178322551458059,5.171177847169339,14.89453125,135.562,26.22697978504631
journal_full500_v1__phi_4_mini_reasoning__gsm8k__cot__n500.csv,phi_4_mini_reasoning,phi_4_mini_reasoning,gsm8k,cot,500,90,0.18,0.14880490791275897,0.21607466998263447,8.194511065095663,7.145148277282715,512.0,62.48180742552745
journal_full500_v1__phi_4_reasoning__gsm8k__cot__n500.csv,phi_4_reasoning,phi_4_reasoning,gsm8k,cot,500,10,0.02,0.01089918359621081,0.036420183246879345,9.652178296804427,27.305460929870605,511.828,53.028233797461155
journal_full500_v1__qwen3_30b_a3b__gsm8k__cot__n500.csv,qwen3_30b_a3b,qwen3_30b_a3b,gsm8k,cot,500,370,0.74,0.6998260397638378,0.7765142768146172,14.187606480389833,57.67326736450195,378.484,26.659461182829094
journal_full500_v1__qwen3_8b__gsm8k__cot__n500.csv,qwen3_8b,qwen3_8b,gsm8k,cot,500,388,0.776,0.7374303353251315,0.8103610287400917,7.094296677827835,15.256451606750488,353.444,49.814642075256124
journal_full500_v1__gemma_4_26b_a4b__gsm8k__few_shot_cot__n500.csv,gemma_4_26b_a4b,gemma_4_26b_a4b,gsm8k,few_shot_cot,500,342,0.684,0.6419778708300569,0.723216371880092,13.865889235295356,48.06737232208252,315.178,22.59992703810051
journal_full500_v1__gemma_4_e2b__gsm8k__few_shot_cot__n500.csv,gemma_4_e2b,gemma_4_e2b,gsm8k,few_shot_cot,500,359,0.718,0.6770122207860065,0.7556635667727567,4.684867987647652,9.543148517608644,150.102,32.114416137140026
journal_full500_v1__gemma_4_e4b__gsm8k__few_shot_cot__n500.csv,gemma_4_e4b,gemma_4_e4b,gsm8k,few_shot_cot,500,369,0.738,0.6977470833575387,0.7746237305827625,5.670981202408671,14.89453125,149.1,26.498212593171278
journal_full500_v1__phi_4_mini_reasoning__gsm8k__few_shot_cot__n500.csv,phi_4_mini_reasoning,phi_4_mini_reasoning,gsm8k,few_shot_cot,500,158,0.316,0.27678362811990814,0.3580221291699432,8.093166166506707,7.145148277282715,512.0,63.26466789153363
journal_full500_v1__phi_4_reasoning__gsm8k__few_shot_cot__n500.csv,phi_4_reasoning,phi_4_reasoning,gsm8k,few_shot_cot,500,9,0.018,0.009498193296197074,0.033851670908739286,9.722116352587939,27.305460929870605,512.0,52.663990134969154
journal_full500_v1__qwen3_30b_a3b__gsm8k__few_shot_cot__n500.csv,qwen3_30b_a3b,qwen3_30b_a3b,gsm8k,few_shot_cot,500,381,0.762,0.7227638647789387,0.797240980819208,14.032751825928688,57.67033767700195,369.986,26.341471832332754
journal_full500_v1__qwen3_8b__gsm8k__few_shot_cot__n500.csv,qwen3_8b,qwen3_8b,gsm8k,few_shot_cot,500,406,0.812,0.775422375686958,0.8438200358650336,6.918191760748625,15.256451606750488,338.892,48.97368833886899
journal_full500_v1__gemma_4_26b_a4b__gsm8k__zero_shot__n500.csv,gemma_4_26b_a4b,gemma_4_26b_a4b,gsm8k,zero_shot,500,390,0.78,0.7416313019131544,0.8140990674283763,8.297185954801739,48.06737232208252,186.734,22.362254057192345
journal_full500_v1__gemma_4_e2b__gsm8k__zero_shot__n500.csv,gemma_4_e2b,gemma_4_e2b,gsm8k,zero_shot,500,337,0.674,0.6317220455546273,0.7136246839647526,4.759527879104018,9.543148517608644,150.874,31.708755568739463
journal_full500_v1__gemma_4_e4b__gsm8k__zero_shot__n500.csv,gemma_4_e4b,gemma_4_e4b,gsm8k,zero_shot,500,386,0.772,0.7332341279039163,0.8066182308849994,4.985334709137678,14.89453125,130.956,26.283707980058058
journal_full500_v1__phi_4_mini_reasoning__gsm8k__zero_shot__n500.csv,phi_4_mini_reasoning,phi_4_mini_reasoning,gsm8k,zero_shot,500,75,0.15,0.12137595769138818,0.1839610806316984,8.04190700455755,7.145148277282715,512.0,63.66817579170967
journal_full500_v1__phi_4_reasoning__gsm8k__zero_shot__n500.csv,phi_4_reasoning,phi_4_reasoning,gsm8k,zero_shot,500,16,0.032,0.01979151362657112,0.05134486904544179,9.781309348359704,27.305460929870605,511.978,52.343494116187856
journal_full500_v1__qwen3_30b_a3b__gsm8k__zero_shot__n500.csv,qwen3_30b_a3b,qwen3_30b_a3b,gsm8k,zero_shot,500,376,0.752,0.7123215407533253,0.7878357916540525,14.26921700502187,57.67326736450195,371.848,26.042068780769917
journal_full500_v1__qwen3_8b__gsm8k__zero_shot__n500.csv,qwen3_8b,qwen3_8b,gsm8k,zero_shot,500,385,0.77,0.7311377813252322,0.8047450748255296,6.876031743504107,15.256451606750488,337.836,49.127490705256726
journal_full500_v1__gemma_4_26b_a4b__math_l1_l3__cot__n238.csv,gemma_4_26b_a4b,gemma_4_26b_a4b,math_l1_l3,cot,238,153,0.6428571428571429,0.5801559225686732,0.7010200194372693,16.978726258517064,48.06737232208252,384.20168067226894,22.61004172369364
journal_full500_v1__gemma_4_e2b__math_l1_l3__cot__n238.csv,gemma_4_e2b,gemma_4_e2b,math_l1_l3,cot,238,138,0.5798319327731093,0.5163430775949396,0.6407846547024989,11.005989051713538,9.543148517608644,344.2226890756302,31.515796313757377
journal_full500_v1__gemma_4_e4b__math_l1_l3__cot__n238.csv,gemma_4_e4b,gemma_4_e4b,math_l1_l3,cot,238,159,0.6680672268907563,0.6059879927587606,0.7248072331305833,10.586130954653902,14.89453125,278.38655462184875,26.54301645191937
journal_full500_v1__phi_4_mini_reasoning__math_l1_l3__cot__n238.csv,phi_4_mini_reasoning,phi_4_mini_reasoning,math_l1_l3,cot,238,53,0.22268907563025211,0.1744732494626701,0.2797146278199123,16.252215263269402,7.145148277282715,1024.0,63.00766828405308
journal_full500_v1__phi_4_reasoning__math_l1_l3__cot__n238.csv,phi_4_reasoning,phi_4_reasoning,math_l1_l3,cot,238,3,0.012605042016806723,0.004295942301498941,0.03639790261940344,19.179345983526662,27.305460929870605,1017.218487394958,53.03729898323239
journal_full500_v1__qwen3_30b_a3b__math_l1_l3__cot__n238.csv,qwen3_30b_a3b,qwen3_30b_a3b,math_l1_l3,cot,238,135,0.5672268907563025,0.5037058378868592,0.6286122524688783,26.09842925701885,57.67229080200195,693.2689075630252,26.544199326382753
journal_full500_v1__qwen3_8b__math_l1_l3__cot__n238.csv,qwen3_8b,qwen3_8b,math_l1_l3,cot,238,59,0.24789915966386555,0.1973364819527133,0.3064706792132706,13.716047882282433,15.256451606750488,668.1764705882352,48.707639467041
journal_full500_v1__gemma_4_26b_a4b__math_l1_l3__few_shot_cot__n238.csv,gemma_4_26b_a4b,gemma_4_26b_a4b,math_l1_l3,few_shot_cot,238,136,0.5714285714285714,0.5079137307882221,0.632674240214749,23.308630900473155,48.06737232208252,516.7436974789916,22.179097770969776
journal_full500_v1__gemma_4_e2b__math_l1_l3__few_shot_cot__n238.csv,gemma_4_e2b,gemma_4_e2b,math_l1_l3,few_shot_cot,238,164,0.6890756302521008,0.6276581309844386,0.7444864981410734,8.838293291581403,9.543148517608644,283.109243697479,32.32758133155149
journal_full500_v1__gemma_4_e4b__math_l1_l3__few_shot_cot__n238.csv,gemma_4_e4b,gemma_4_e4b,math_l1_l3,few_shot_cot,238,165,0.6932773109243697,0.6320084248855415,0.7484060848872041,8.34449983372533,14.89453125,216.00840336134453,26.141265841024524
journal_full500_v1__phi_4_mini_reasoning__math_l1_l3__few_shot_cot__n238.csv,phi_4_mini_reasoning,phi_4_mini_reasoning,math_l1_l3,few_shot_cot,238,93,0.3907563025210084,0.33097328754823857,0.45400981562368775,16.37027954563749,7.145148277282715,1024.0,62.55478482117843
journal_full500_v1__phi_4_reasoning__math_l1_l3__few_shot_cot__n238.csv,phi_4_reasoning,phi_4_reasoning,math_l1_l3,few_shot_cot,238,7,0.029411764705882353,0.01431864894154166,0.059454718568295116,19.444584540881905,27.305460929870605,1012.5882352941177,52.07581493788305
journal_full500_v1__qwen3_30b_a3b__math_l1_l3__few_shot_cot__n238.csv,qwen3_30b_a3b,qwen3_30b_a3b,math_l1_l3,few_shot_cot,238,147,0.6176470588235294,0.5545027847106978,0.677053873411843,22.52855570174503,57.67229080200195,605.9873949579832,26.86684924010914
journal_full500_v1__qwen3_8b__math_l1_l3__few_shot_cot__n238.csv,qwen3_8b,qwen3_8b,math_l1_l3,few_shot_cot,238,155,0.6512605042016807,0.5887463132592619,0.7089693900411478,11.50504875912511,15.256451606750488,563.1260504201681,48.91614225130165
journal_full500_v1__gemma_4_26b_a4b__math_l1_l3__zero_shot__n238.csv,gemma_4_26b_a4b,gemma_4_26b_a4b,math_l1_l3,zero_shot,238,165,0.6932773109243697,0.6320084248855415,0.7484060848872041,14.007468972652525,48.06737232208252,310.2647058823529,22.094876463550225
journal_full500_v1__gemma_4_e2b__math_l1_l3__zero_shot__n238.csv,gemma_4_e2b,gemma_4_e2b,math_l1_l3,zero_shot,238,147,0.6176470588235294,0.5545027847106978,0.677053873411843,11.640101828823695,9.543148517608644,372.87394957983196,32.32108005617292
journal_full500_v1__gemma_4_e4b__math_l1_l3__zero_shot__n238.csv,gemma_4_e4b,gemma_4_e4b,math_l1_l3,zero_shot,238,150,0.6302521008403361,0.5673074889437856,0.689058811120456,12.096383293965408,14.89453125,307.96638655462186,25.732781309157772
journal_full500_v1__phi_4_mini_reasoning__math_l1_l3__zero_shot__n238.csv,phi_4_mini_reasoning,phi_4_mini_reasoning,math_l1_l3,zero_shot,238,60,0.25210084033613445,0.20117133245458244,0.31090570935863504,16.008988777801644,7.145148277282715,1024.0,63.9651273212283
journal_full500_v1__phi_4_reasoning__math_l1_l3__zero_shot__n238.csv,phi_4_reasoning,phi_4_reasoning,math_l1_l3,zero_shot,238,9,0.037815126050420166,0.020020023218669913,0.07029310558563406,19.005133058625358,27.305460929870605,1002.8781512605042,52.768386421299034
journal_full500_v1__qwen3_30b_a3b__math_l1_l3__zero_shot__n238.csv,qwen3_30b_a3b,qwen3_30b_a3b,math_l1_l3,zero_shot,238,143,0.6008403361344538,0.53749641404586,0.6609807214877463,25.112808774718467,57.67229080200195,676.7983193277311,26.92929372376217
journal_full500_v1__qwen3_8b__math_l1_l3__zero_shot__n238.csv,qwen3_8b,qwen3_8b,math_l1_l3,zero_shot,238,49,0.20588235294117646,0.15937986067902113,0.2617284940146268,13.360658148804507,15.256451606750488,654.2352941176471,48.948506774439934
journal_full500_v1__gemma_4_26b_a4b__truthfulqa_mc1__cot__n500.csv,gemma_4_26b_a4b,gemma_4_26b_a4b,truthfulqa_mc1,cot,500,375,0.75,0.7102363265170449,0.785951503252179,2.5046011863797903,48.06737232208252,54.182,18.870482076376955
journal_full500_v1__gemma_4_e2b__truthfulqa_mc1__cot__n500.csv,gemma_4_e2b,gemma_4_e2b,truthfulqa_mc1,cot,500,281,0.562,0.5182029258694332,0.6048516559133346,1.2242190560102464,9.543148517608644,38.96,31.450878878092496
journal_full500_v1__gemma_4_e4b__truthfulqa_mc1__cot__n500.csv,gemma_4_e4b,gemma_4_e4b,truthfulqa_mc1,cot,500,314,0.628,0.5848089173303663,0.6692392515114762,2.8262801883667708,14.89453125,74.708,25.94730840919183
journal_full500_v1__phi_4_mini_reasoning__truthfulqa_mc1__cot__n500.csv,phi_4_mini_reasoning,phi_4_mini_reasoning,truthfulqa_mc1,cot,500,492,0.984,0.9687488914666058,0.9918707469666117,4.084058973908425,7.145148277282715,256.0,62.68554959848986
journal_full500_v1__phi_4_reasoning__truthfulqa_mc1__cot__n500.csv,phi_4_reasoning,phi_4_reasoning,truthfulqa_mc1,cot,500,497,0.994,0.9825097478959467,0.9979574037280398,4.91040402457118,27.305460929870605,253.74,51.67428936279749
journal_full500_v1__qwen3_30b_a3b__truthfulqa_mc1__cot__n500.csv,qwen3_30b_a3b,qwen3_30b_a3b,truthfulqa_mc1,cot,500,492,0.984,0.9687488914666058,0.9918707469666117,9.600792984858156,57.67229080200195,252.71,26.321586179843102
journal_full500_v1__qwen3_8b__truthfulqa_mc1__cot__n500.csv,qwen3_8b,qwen3_8b,truthfulqa_mc1,cot,500,495,0.99,0.9768069002442693,0.9957212461034096,5.192242706246674,15.256451606750488,254.372,48.993379452318756
journal_full500_v1__gemma_4_26b_a4b__truthfulqa_mc1__few_shot_cot__n500.csv,gemma_4_26b_a4b,gemma_4_26b_a4b,truthfulqa_mc1,few_shot_cot,500,410,0.82,0.7839253300173655,0.851195092087241,1.7315471309050918,48.06737232208252,36.568,16.621967072621214
journal_full500_v1__gemma_4_e2b__truthfulqa_mc1__few_shot_cot__n500.csv,gemma_4_e2b,gemma_4_e2b,truthfulqa_mc1,few_shot_cot,500,259,0.518,0.4742321113679192,0.561493412375465,5.888101593762636,9.543148517608644,186.72,31.61782213005699
journal_full500_v1__gemma_4_e4b__truthfulqa_mc1__few_shot_cot__n500.csv,gemma_4_e4b,gemma_4_e4b,truthfulqa_mc1,few_shot_cot,500,371,0.742,0.7019060194394218,0.7784037997771869,0.3069331584647298,14.89453125,7.88,25.449295105015402
journal_full500_v1__phi_4_mini_reasoning__truthfulqa_mc1__few_shot_cot__n500.csv,phi_4_mini_reasoning,phi_4_mini_reasoning,truthfulqa_mc1,few_shot_cot,500,483,0.966,0.9462286344983655,0.9786654801914678,4.127920882053673,7.145148277282715,256.0,62.01893583815983
journal_full500_v1__phi_4_reasoning__truthfulqa_mc1__few_shot_cot__n500.csv,phi_4_reasoning,phi_4_reasoning,truthfulqa_mc1,few_shot_cot,500,500,1.0,0.9923756595384479,1.0,4.800454337641597,27.305460929870605,256.0,53.32986120611841
journal_full500_v1__qwen3_30b_a3b__truthfulqa_mc1__few_shot_cot__n500.csv,qwen3_30b_a3b,qwen3_30b_a3b,truthfulqa_mc1,few_shot_cot,500,491,0.982,0.9661483290912607,0.990501806703803,9.671142636790872,57.67229080200195,250.386,25.88830938574906
journal_full500_v1__qwen3_8b__truthfulqa_mc1__few_shot_cot__n500.csv,qwen3_8b,qwen3_8b,truthfulqa_mc1,few_shot_cot,500,493,0.986,0.9713869308622147,0.9932022102091564,5.15284157294035,15.256451606750488,251.642,48.83752400322034
journal_full500_v1__gemma_4_26b_a4b__truthfulqa_mc1__zero_shot__n500.csv,gemma_4_26b_a4b,gemma_4_26b_a4b,truthfulqa_mc1,zero_shot,500,396,0.792,0.7542636968800828,0.8252836882903708,2.5280022158771756,48.06737232208252,54.142,18.693308969717535
journal_full500_v1__gemma_4_e2b__truthfulqa_mc1__zero_shot__n500.csv,gemma_4_e2b,gemma_4_e2b,truthfulqa_mc1,zero_shot,500,273,0.546,0.502174287351395,0.5891242733261424,2.594820292390883,9.543148517608644,82.096,31.340448528137674
journal_full500_v1__gemma_4_e4b__truthfulqa_mc1__zero_shot__n500.csv,gemma_4_e4b,gemma_4_e4b,truthfulqa_mc1,zero_shot,500,366,0.732,0.6915162794621877,0.768946026563652,0.5445996072366833,14.89453125,14.042,25.3602409844913
journal_full500_v1__phi_4_mini_reasoning__truthfulqa_mc1__zero_shot__n500.csv,phi_4_mini_reasoning,phi_4_mini_reasoning,truthfulqa_mc1,zero_shot,500,477,0.954,0.9319222072317267,0.9691548916291838,4.1001399597749115,7.145148277282715,256.0,62.439401038391225
journal_full500_v1__phi_4_reasoning__truthfulqa_mc1__zero_shot__n500.csv,phi_4_reasoning,phi_4_reasoning,truthfulqa_mc1,zero_shot,500,498,0.996,0.9855342847848231,0.9989023694773173,4.883699329771101,27.305460929870605,253.214,51.849049798378005
journal_full500_v1__qwen3_30b_a3b__truthfulqa_mc1__zero_shot__n500.csv,qwen3_30b_a3b,qwen3_30b_a3b,truthfulqa_mc1,zero_shot,500,495,0.99,0.9768069002442693,0.9957212461034096,9.673706889376044,57.67131423950195,251.308,25.97621929174377
journal_full500_v1__qwen3_8b__truthfulqa_mc1__zero_shot__n500.csv,qwen3_8b,qwen3_8b,truthfulqa_mc1,zero_shot,500,481,0.962,0.9414152274693561,0.9755398819441696,4.665694271959365,15.256451606750488,228.88,48.95232279650973
